id,userId,status,resumeFileName,startedAt,completedAt,totalQuestions,questionsAnswered,createdAt
6a5c7979fb7989def2a413b6,6a5bb27a1ca64fa817cd3abd,pending,Roshan Langhi_compressed.pdf,,,10,0,2026-07-19T07:15:05.744Z
6a5c7982fb7989def2a413c2,6a5bb27a1ca64fa817cd3abd,pending,Roshan Langhi_compressed.pdf,,,10,0,2026-07-19T07:15:15.001Z
6a5c79b5fb7989def2a413ce,6a5bb27a1ca64fa817cd3abd,completed,Roshan Langhi_compressed.pdf,2026-07-19T07:16:05.800Z,2026-07-19T07:17:47.583Z,10,3,2026-07-19T07:16:05.805Z
6a5c7a71fb7989def2a414a5,6a5bb27a1ca64fa817cd3abd,completed,Roshan Langhi_compressed.pdf,2026-07-19T07:19:13.855Z,2026-07-19T07:21:40.953Z,10,10,2026-07-19T07:19:13.859Z
6a60d98fdacba9eb798ec845,6a5bb27a1ca64fa817cd3abd,completed,,2026-07-22T14:54:07.838Z,2026-07-22T14:55:40.099Z,10,10,2026-07-22T14:54:07.874Z
6a60daf1dacba9eb798ec90d,6a5bb27a1ca64fa817cd3abd,completed,,2026-07-22T15:00:01.545Z,2026-07-22T16:32:32.499Z,10,18,2026-07-22T15:00:01.552Z
6a60f0d5dacba9eb798eca3e,6a5bb27a1ca64fa817cd3abd,completed,,2026-07-22T16:33:25.578Z,2026-07-22T16:36:45.510Z,10,0,2026-07-22T16:33:25.586Z
6a61e549a8b8126ec635c562,6a5bb27a1ca64fa817cd3abd,pending,Roshan Langhi_compressed.pdf,,,10,0,2026-07-23T09:56:25.499Z
6a61e55da8b8126ec635c56e,6a5bb27a1ca64fa817cd3abd,completed,Roshan Langhi_compressed.pdf,2026-07-23T09:56:45.776Z,2026-07-23T09:59:17.758Z,10,0,2026-07-23T09:56:45.783Z
